title,vote_average,예측,오차
The Sessions,6.876,6.426,-0.45
Throw Momma from the Train,6.174,6.439,0.265
The Hundred-Foot Journey,7.281,6.777,-0.504
September 5,7.014,6.463,-0.551
Kinds of Kindness,6.493,6.641,0.148
The Secret: Dare to Dream,7.3,6.328,-0.972
"The Gangster, the Cop, the Devil",7.843,6.671,-1.172
Fighting,5.999,6.641,0.642
Happy Gilmore 2,6.574,6.607,0.033
Guillermo del Toro's Pinocchio,8.032,6.931,-1.101
Through a Glass Darkly,7.8,7.026,-0.774
Keep an Eye Out,6.649,6.312,-0.337
Mary Poppins,7.553,7.776,0.223
"The Boy, the Mole, the Fox and the Horse",8.212,7.247,-0.965
Godzilla vs. Kong,7.549,6.822,-0.727
Mickey 17,6.833,6.923,0.09
It Follows,6.586,6.909,0.323
Noroi: The Curse,6.9,6.695,-0.205
X-Men: The Last Stand,6.415,6.697,0.282
The Jungle Book,5.97,7.041,1.071
The Holiday,7.097,7.203,0.106
In the Land of Women,5.869,6.519,0.65
Entourage,6.3,6.271,-0.029
Hostel: Part II,5.849,6.743,0.894
Sleepy Hollow,7.187,7.036,-0.151
The Many Adventures of Winnie the Pooh,7.244,7.351,0.107
Batman Forever,5.452,7.15,1.698
Baby Boy,7.1,7.214,0.114
Despicable Me,7.255,7.381,0.126
I Can Only Imagine,7.519,6.507,-1.012
The Angriest Man in Brooklyn,5.646,6.391,0.745
High Crimes,6.35,6.848,0.498
Eden,6.733,6.407,-0.326
The Girl in the Spider's Web,6.162,7.028,0.866
Pusher,6.993,6.847,-0.146
The Notebook,7.9,7.946,0.046
The Sting,8.021,7.042,-0.979
Aloha Scooby-Doo!,7.09,6.432,-0.658
The Prophecy,6.499,7.222,0.723
Joyeux Noel,7.372,6.957,-0.415
Transformers: The Last Knight,6.1,6.837,0.737
Vampyr,7.3,6.981,-0.319
The Right Stuff,7.408,6.817,-0.591
The Killer's Game,6.398,6.92,0.522
The Bourne Legacy,6.237,6.808,0.571
Fly Me to the Moon,6.795,6.528,-0.267
Flowers in the Attic,6.69,6.308,-0.382
Money Talks,6.033,6.793,0.76
Hot Shots! Part Deux,6.541,6.756,0.215
Promare,7.068,6.261,-0.807
An Italian Name,6.3,6.368,0.068
Howl's Moving Castle,8.4,7.358,-1.042
Rumor Has It...,5.675,6.62,0.945
Lilo & Stitch,7.232,7.23,-0.002
Prince of Persia: The Sands of Time,6.297,6.644,0.347
Overlord,6.734,6.81,0.076
Fast Food Nation,6.051,6.466,0.415
Being the Ricardos,6.48,6.483,0.003
Wayne's World 2,6.087,6.806,0.719
Atlas,6.688,6.532,-0.156
Man Bites Dog,7.219,6.676,-0.543
The Invisible Guardian,6.492,6.446,-0.046
Who's Afraid of Virginia Woolf?,7.705,6.946,-0.759
The Report,7.047,6.461,-0.586
The Squid and the Whale,6.942,6.882,-0.06
The Incredible Hulk,6.23,6.689,0.459
Green Book,8.223,7.17,-1.053
Monstrous,5.838,6.36,0.522
American Splendor,7.2,6.808,-0.392
Fever Pitch,6.225,6.45,0.225
The Sword in the Stone,7.221,7.663,0.442
The Wackness,6.41,6.688,0.278
National Lampoon's Vacation,7.097,6.832,-0.265
Kind Hearts and Coronets,7.638,7.264,-0.374
Lupin III: The First,7.3,6.13,-1.17
Red Corner,6.339,6.969,0.63
Halloween Ends,6.1,6.857,0.757
London Has Fallen,6.222,6.677,0.455
Kung Fu Panda 3,6.9,6.749,-0.151
Noah,5.669,6.724,1.055
The Thin Red Line,7.445,7.397,-0.048
Rocky,7.792,7.367,-0.425
Pontypool,6.4,6.473,0.073
Married to the Mob,5.9,6.365,0.465
Hot Shots!,6.586,6.854,0.268
Mallrats,6.759,6.985,0.226
Money Monster,6.436,6.608,0.172
The Last Unicorn,7.233,7.054,-0.179
The Apartment,8.2,7.311,-0.889
Once Upon a Time in America,8.393,7.572,-0.821
Eyes Wide Shut,7.483,6.71,-0.773
The Skeleton Dance,7.369,7.114,-0.255
Rio 2,6.523,6.798,0.275
Carl's Date,7.448,6.648,-0.8
A Walk in the Woods,6.119,6.478,0.359
The Butterfly Effect,7.571,7.439,-0.132
School Life,6.9,6.951,0.051
The China Syndrome,7.2,6.634,-0.566
All Dogs Go to Heaven,6.8,6.733,-0.067
The Lizzie McGuire Movie,6.323,6.955,0.632
Malicious,7.273,7.201,-0.072
Cloverfield,6.7,6.933,0.233
The Hurt Locker,7.255,7.211,-0.044
Spider-Man: Into the Spider-Verse,8.394,7.185,-1.209
Kidnap,6.237,6.653,0.416
The Invisible Boy: Second Generation,6.385,6.398,0.013
The Lord of the Rings: The Two Towers,8.412,7.82,-0.592
Once Upon a Deadpool,7.103,6.861,-0.242
Asterix and the Big Fight,6.291,6.443,0.152
El Dorado,7.4,6.936,-0.464
Hard to Kill,5.991,6.777,0.786
Time Cut,5.644,6.402,0.758
Witness for the Prosecution,8.2,7.576,-0.624
Bloodshot,6.691,6.621,-0.07
Suck Me Shakespeer 2,6.5,6.63,0.13
The Texas Chainsaw Massacre 2,5.654,6.75,1.096
The Boys in the Band,6.783,5.974,-0.809
L'allenatore nel pallone,6.519,6.61,0.091
Mom or Dad?,5.84,6.199,0.359
Rango,6.887,7.178,0.291
Stand by Me,7.8,7.462,-0.338
Despicable Me 3,6.464,6.952,0.488
The Possession of Michael King,6.123,6.321,0.198
After the Wedding,7.126,6.485,-0.641
The Rookie,5.885,6.413,0.528
Waiting for the Barbarians,5.916,6.374,0.458
Whiplash,8.4,7.457,-0.943
Secretariat,7.411,6.889,-0.522
The Pink Panther 2,5.7,6.389,0.689
Rosaline,7.127,6.166,-0.961
The Wolf of Snow Hollow,6.064,6.226,0.162
Tenor,7.008,6.559,-0.449
The Lincoln Lawyer,7.204,6.778,-0.426
Rakka,7.003,6.367,-0.636
Upgrade,7.501,6.811,-0.69
The Skeleton Twins,6.638,6.417,-0.221
Colossal,6.278,6.77,0.492
Sliver,5.548,6.818,1.27
Paws of Fury: The Legend of Hank,6.643,6.322,-0.321
Rocco and His Brothers,7.987,6.825,-1.162
Terrifier 3,6.801,6.718,-0.083
Felon,7.147,6.733,-0.414
Torn Curtain,6.603,6.999,0.396
Jurassic World Rebirth,6.344,6.778,0.434
Clue,7.2,6.708,-0.492
The Young Karl Marx,6.827,6.561,-0.266
Headshot,6.4,6.304,-0.096
Sniper: Ultimate Kill,6.417,6.381,-0.036
The Devils,7.5,6.724,-0.776
Night at the Museum: Secret of the Tomb,6.222,6.975,0.753
Ready Player One,7.585,7.174,-0.411
Rust and Bone,7.155,6.416,-0.739
The Full House,5.7,6.153,0.453
"Tad, the Lost Explorer and the Emerald Tablet",7.497,6.141,-1.356
Son of Saul,7.1,6.501,-0.599
All About My Mother,7.6,7.084,-0.516
The Bounty Hunter,5.854,6.316,0.462
John Wick: Chapter 3 - Parabellum,7.444,6.729,-0.715
Memories,7.451,6.677,-0.774
I'm Still Here,5.962,7.034,1.072
Heartbreakers,6.106,6.63,0.524
Going Places,6.7,6.898,0.198
6 Souls,6.023,6.59,0.567
The Old Man & the Gun,6.445,6.677,0.232
The Batman vs. Dracula,7.039,6.471,-0.568
Eurovision Song Contest: The Story of Fire Saga,6.424,6.497,0.073
The Man from Nowhere,7.702,6.767,-0.935
Ju-on: The Grudge,6.751,6.821,0.07
Uncle Buck,6.793,6.963,0.17
Love and Death,7.485,6.893,-0.592
The Return of the Pink Panther,6.8,6.632,-0.168
Code 8 Part II,6.358,6.291,-0.067
Broker,7.157,6.103,-1.054
Grease,7.373,7.426,0.053
The Prodigy,6.159,6.43,0.271
The Tall Man,6.011,6.433,0.422
New Nightmare,6.461,6.447,-0.014
Underground,7.716,6.584,-1.132
What Lies Beneath,6.43,6.642,0.212
Peeping Tom,7.4,6.824,-0.576
Miracle in Cell No. 7,8.254,7.018,-1.236
Tequila Sunrise,6.056,6.918,0.862
He Even Has Your Eyes,6.038,6.315,0.277
Radio,7.301,6.785,-0.516
Heaven's Gate,6.734,6.97,0.236
Great Expectations,7.289,7.16,-0.129
Dumb and Dumber To,5.571,6.876,1.305
Avengers: Endgame,8.237,7.734,-0.503
Hannah and Her Sisters,7.469,6.868,-0.601
Split,7.343,7.122,-0.221
Dark Angel,5.965,6.531,0.566
Burke & Hare,6.073,6.427,0.354
Crazy Rich Asians,7.058,6.802,-0.256
Candy,7.129,6.806,-0.323
Dogman,7.864,7.316,-0.548
Pleasure,6.274,6.613,0.339
Moxie,7.2,6.727,-0.473
Gentlemen Prefer Blondes,7.3,7.203,-0.097
The Return,6.661,6.392,-0.269
The Return,7.269,6.959,-0.31
Caddyshack,6.6,6.82,0.22
The Worst Christmas of My Life,5.891,6.504,0.613
Finding Neverland,7.321,7.13,-0.191
Sherlock Holmes,7.216,7.093,-0.123
He Never Died,6.2,6.696,0.496
Carandiru,7.58,6.446,-1.134
The Last House on the Left,6.015,6.714,0.699
The Invisible Witness,7.0,6.324,-0.676
Friday Night Lights,6.898,6.587,-0.311
Naples in Veils,6.178,6.693,0.515
The Book Thief,7.492,7.244,-0.248
Beyond the Black Rainbow,5.663,6.342,0.679
Manhunter,7.018,6.418,-0.6
Christine,6.878,6.329,-0.549
The Second Tragic Fantozzi,7.536,6.911,-0.625
Sex Appeal,6.637,6.378,-0.259
Get the Gringo,6.589,6.986,0.397
The Gendarme and the Gendarmettes,6.0,6.601,0.601
8-Bit Christmas,6.43,6.394,-0.036
The Last Days on Mars,5.489,6.351,0.862
The Crow: Salvation,5.474,6.303,0.829
Enemy of the State,7.062,7.114,0.052
Collateral Beauty,7.218,7.409,0.191
Saw 3D,6.0,6.723,0.723
Next Avengers: Heroes of Tomorrow,7.0,6.316,-0.684
His Secret Life,7.3,6.217,-1.083
The Believer,6.883,6.947,0.064
The Taking of Pelham 1 2 3,6.355,6.742,0.387
Boiler Room,6.716,6.356,-0.36
Triangle,6.917,6.748,-0.169
Heaven Is for Real,6.8,6.697,-0.103
Mortal Kombat,6.997,6.891,-0.106
The Cat o' Nine Tails,6.699,6.363,-0.336
Journey 2: The Mysterious Island,6.149,6.677,0.528
Wanderlust,5.493,6.632,1.139
Zathura: A Space Adventure,6.431,6.661,0.23
Lethal Weapon,7.286,7.09,-0.196
The Wolf and the Lion,7.5,6.746,-0.754
My King,7.14,6.368,-0.772
YES DAY,6.688,6.402,-0.286
Taylor Swift: Reputation Stadium Tour,8.2,6.688,-1.512
George of the Jungle,5.654,6.565,0.911
Shane,7.347,7.408,0.061
White Chicks,6.9,6.917,0.017
Mr. Deeds Goes to Town,7.541,7.063,-0.478
Polar,6.348,6.607,0.259
Fright Night,7.032,6.996,-0.036
Berserk: The Golden Age Arc II - The Battle for Doldrey,7.3,6.494,-0.806
Paul Blart: Mall Cop,5.447,6.473,1.026
Men,6.087,6.611,0.524
Rat Race,6.281,6.744,0.463
Antrum,5.8,6.613,0.813
La Notte,7.937,6.883,-1.054
Phenomenon,6.473,6.806,0.333
Spider,6.638,6.996,0.358
Weekend,6.886,6.975,0.089
The Life of Chuck,7.299,7.014,-0.285
Clockers,6.704,6.643,-0.061
Boy,7.301,6.735,-0.566
Balkan Line,7.442,6.755,-0.687
Reality,7.112,6.82,-0.292
Adaptation.,7.342,6.89,-0.452
Vox Lux,5.797,6.685,0.888
Bugsy,6.323,6.519,0.196
Dhoom 3,6.0,6.245,0.245
Scream,7.4,7.088,-0.312
Ooops! Noah Is Gone...,6.431,5.758,-0.673
Pusher II,7.172,6.774,-0.398
Come and See,8.2,7.584,-0.616
A Beautiful Mind,7.855,7.192,-0.663
Rush,7.73,6.678,-1.052
Attack on Titan,6.112,6.678,0.566
Road House,6.934,6.541,-0.393
The Red Shoes,7.982,7.506,-0.476
F the Prom,5.8,6.667,0.867
Midnight Express,7.448,7.004,-0.444
He's Just Not That Into You,6.624,6.833,0.209
The Decameron,6.833,7.102,0.269
Frantic,6.712,6.837,0.125
Out of Sight,6.7,6.673,-0.027
Enemy,6.851,6.571,-0.28
The Dark Knight Rises,7.791,7.786,-0.005
Isi & Ossi,6.915,6.234,-0.681
Cinderella III: A Twist in Time,6.545,7.053,0.508
Hercules,5.8,7.025,1.225
The Good Shepherd,6.35,6.929,0.579
A Pigeon Sat on a Branch Reflecting on Existence,6.85,6.49,-0.36
Scanners,6.7,6.529,-0.171
Any Which Way You Can,5.756,6.844,1.088
The Queen's Corgi,5.94,6.466,0.526
Go for It,6.969,6.593,-0.376
The Last Emperor,7.581,7.35,-0.231
The Secret in Their Eyes,7.972,6.711,-1.261
Office Christmas Party,5.712,6.316,0.604
Leo,7.378,6.716,-0.662
Criminal Activities,5.9,6.395,0.495
Mr. Bean's Holiday,6.377,6.939,0.562
Moon,7.566,6.71,-0.856
Dead Snow,5.98,6.563,0.583
Forsaken,6.2,6.533,0.333
Wendy Wu: Homecoming Warrior,6.174,6.431,0.257
Firewall,5.846,6.396,0.55
The Big Kahuna,6.754,6.655,-0.099
Escape from the Planet of the Apes,6.376,6.7,0.324
The Family Friend,7.222,6.565,-0.657
The Hunting Party,6.499,6.415,-0.084
The Fifth Estate,6.012,6.505,0.493
In Safe Hands,7.425,6.849,-0.576
Ashes of Time,7.1,6.595,-0.505
Clash of the Titans,6.891,7.023,0.132
My Fault,7.761,7.367,-0.394
The Muppet Movie,7.2,6.882,-0.318
Jeruzalem,5.5,6.32,0.82
The In Between,7.33,6.45,-0.88
Pierrot le Fou,7.3,7.28,-0.02
Chupa,6.325,6.202,-0.123
A Nightmare on Elm Street 3: Dream Warriors,6.695,6.714,0.019
The Last House on the Left,6.493,6.722,0.229
While You Were Sleeping,7.0,6.714,-0.286
Scream,6.689,6.493,-0.196
Ninja Assassin,6.672,6.899,0.227
Dangerous Animals,6.451,6.293,-0.158
Eddie Murphy: Delirious,7.623,6.604,-1.019
Drive My Car,7.448,6.891,-0.557
The Shipping News,6.385,6.736,0.351
Phineas and Ferb The Movie: Across the 2nd Dimension,7.102,6.217,-0.885
The Diary of Anne Frank,7.2,7.33,0.13
Win a Date with Tad Hamilton!,5.7,6.701,1.001
Bad Trip,6.108,6.14,0.032
Hellraiser III: Hell on Earth,5.66,6.596,0.936
28 Years Later,6.627,7.175,0.548
The Connection,7.129,6.753,-0.376
Righteous Kill,5.9,6.508,0.608
Elegy,6.3,6.622,0.322
Jamon Jamon,6.2,6.485,0.285
Strange World,6.241,6.424,0.183
Evan Almighty,5.588,6.959,1.371
Aquaman and the Lost Kingdom,6.559,6.701,0.142
Magic Mike's Last Dance,6.428,6.452,0.024
Battle: Los Angeles,5.815,6.383,0.568
"Men, Women & Children",6.47,6.698,0.228
Showgirls,5.586,6.863,1.277
Ordinary Angels,7.679,6.681,-0.998
The Life Aquatic with Steve Zissou,7.078,6.865,-0.213
Ma Rainey's Black Bottom,6.643,6.692,0.049
Invisible Sister,6.698,6.299,-0.399
The General,7.921,7.748,-0.173
The Core,5.81,6.495,0.685
The Talent of the Hornet,6.402,6.226,-0.176
The Return of the Tall Blond Man with One Black Shoe,6.5,6.454,-0.046
Breakfast at Tiffany's,7.627,7.144,-0.483
Gothika,6.118,6.87,0.752
The People vs. Larry Flynt,6.968,6.937,-0.031
Interstellar,8.5,7.293,-1.207
The Bodyguard,6.7,7.024,0.324
The Clan,6.8,6.531,-0.269
Overdrive,6.1,6.643,0.543
Honest Thief,6.478,6.595,0.117
Hotel Transylvania 2,6.8,6.948,0.148
Tell It to the Bees,7.477,6.436,-1.041
Lost Girls,6.051,6.199,0.148
Barbara,7.174,6.431,-0.743
The In-Laws,5.635,5.929,0.294
The Treasure of the Sierra Madre,7.961,7.306,-0.655
The Mortal Instruments: City of Bones,6.432,6.519,0.087
Leatherface,5.586,6.522,0.936
Naked Weapon,6.8,6.391,-0.409
Palm Springs,7.333,6.926,-0.407
Adrift,6.839,6.7,-0.139
Lost Bullet 2,6.503,6.138,-0.365
"Veinteañera, divorciada y fantástica",8.0,6.283,-1.717
Creepshow,6.897,6.79,-0.107
The Factory,5.6,6.027,0.427
Kill Your Darlings,7.0,6.4,-0.6
Scooby-Doo and the Cyber Chase,7.3,6.313,-0.987
WarGames,7.067,6.909,-0.158
Bulletproof Monk,5.509,6.706,1.197
Leprechaun,5.562,6.516,0.954
Heart Eyes,6.355,5.859,-0.496
The Rescuers Down Under,6.641,6.681,0.04
Fifty Shades Freed,6.679,7.024,0.345
Fantozzi Still Suffers,6.5,6.629,0.129
"Farewell, My Queen",5.9,6.508,0.608
Show Me Love,7.093,6.781,-0.312
The Housemaid,6.361,6.272,-0.089
The Boy and the Beast,7.934,6.738,-1.196
The First Omen,6.843,6.453,-0.39
Mr. Smith Goes to Washington,7.8,7.185,-0.615
Skylines,5.54,6.116,0.576
Breaking Surface,6.7,6.737,0.037
Joe's Apartment,5.794,6.418,0.624
Return of the Jedi,7.9,7.24,-0.66
The Valet,5.964,6.407,0.443
Sweet Bean,7.4,6.496,-0.904
Demolition Man,6.753,6.871,0.118
Sleepaway Camp II: Unhappy Campers,5.798,6.429,0.631
Young Sherlock Holmes,6.7,6.773,0.073
Death Wish,6.22,6.68,0.46
Testament of Youth,7.263,6.949,-0.314
Camp X-Ray,6.725,6.665,-0.06
Assassination Games,6.303,6.336,0.033
Mad City,6.2,6.288,0.088
The Pale Blue Eye,6.817,6.422,-0.395
Ultras,6.149,6.44,0.291
Liar Liar,6.7,6.957,0.257
Mulholland Drive,7.806,6.962,-0.844
In the Heights,7.1,6.501,-0.599
Michael Jackson's Thriller,8.2,7.324,-0.876
Who You Think I Am,6.539,6.522,-0.017
Robot Dreams,7.977,7.069,-0.908
Tucker and Dale vs. Evil,7.394,6.348,-1.046
He Was a Quiet Man,6.382,6.366,-0.016
Lolita,7.109,7.105,-0.004
Let Go,7.861,6.406,-1.455
Tom Clancy's Without Remorse,6.946,6.633,-0.313
The Life List,7.001,6.547,-0.454
Madagascar 3: Europe's Most Wanted,6.6,6.629,0.029
The Breed,5.44,6.374,0.934
Edward Scissorhands,7.719,7.4,-0.319
The Big Country,7.6,7.079,-0.521
Bandit,6.249,6.556,0.307
All Your Faces,7.947,6.3,-1.647
A View to a Kill,6.242,6.767,0.525
Cyrano,6.34,6.441,0.101
The Great Gatsby,7.357,6.898,-0.459
The Trip,6.693,5.867,-0.826
Masterminds,5.8,6.557,0.757
Appleseed,6.688,6.625,-0.063
Justice League: Crisis on Two Earths,7.314,6.622,-0.692
Labor Day,7.03,7.176,0.146
Schindler's List,8.6,8.288,-0.312
Love and Leashes,6.738,6.346,-0.392
The Vigil,5.838,6.299,0.461
Breakfast on Pluto,7.21,7.116,-0.094
Orlando,6.891,6.685,-0.206
House of Wax,6.019,6.646,0.627
Jojo Rabbit,7.995,7.396,-0.599
Priest,5.85,6.506,0.656
"Honey, We Shrunk Ourselves",5.416,6.273,0.857
Legends of the Fall,7.385,7.555,0.17
Shaft,6.538,6.684,0.146
Abduction,5.848,6.822,0.974
Saw VI,6.288,6.433,0.145
Nymphomaniac: Vol. II,6.711,7.331,0.62
Contraband,6.334,6.569,0.235
Guess Who's Coming to Dinner,7.572,6.724,-0.848
Tanguy,5.956,6.496,0.54
Exists,5.5,5.926,0.426
8MM,6.467,6.785,0.318
Billionaire Boys Club,5.7,6.238,0.538
Cold Eyes,7.5,6.487,-1.013
Steven Universe: The Movie,8.2,6.328,-1.872
A Quiet Place,7.393,7.028,-0.365
Fairy Tail: Dragon Cry,6.617,6.581,-0.036
The Old Guard 2,5.934,6.5,0.566
The Front Runner,5.9,6.144,0.244
Killshot,5.781,6.313,0.532
Salyut-7,7.072,6.742,-0.33
The Photographer of Mauthausen,6.958,6.646,-0.312
Spies in Disguise,7.565,6.774,-0.791
Disturbing Behavior,5.776,6.317,0.541
A Night at the Roxbury,6.5,6.606,0.106
Labyrinth of Lies,7.182,6.629,-0.553
Under the Shadow,6.48,6.415,-0.065
Blow-Up,7.3,7.258,-0.042
Prey for the Devil,6.873,6.725,-0.148
Godmothered,6.7,6.684,-0.016
Hope Floats,6.403,7.009,0.606
The Boss of It All,6.576,6.28,-0.296
Bad Boys II,6.656,7.051,0.395
Harold and the Purple Crayon,6.66,6.474,-0.186
Vivre Sa Vie,7.7,7.144,-0.556
Holy Cow,6.967,6.656,-0.311
Quest for Camelot,6.829,6.503,-0.326
Dangal,7.887,7.445,-0.442
The Mummy,6.757,7.371,0.614
Free Birds,5.877,6.909,1.032
Ned Kelly,6.1,6.435,0.335
The Last Kingdom: Seven Kings Must Die,7.226,6.372,-0.854
Final Analysis,5.718,6.535,0.817
Veronica,6.23,6.71,0.48
District B13,6.803,7.022,0.219
Days of Thunder,6.351,7.198,0.847
Godzilla,6.353,6.984,0.631
Ticket to Paradise,6.424,6.326,-0.098
6 Bullets,6.3,6.304,0.004
Bohemian Rhapsody,7.963,6.98,-0.983
Bride Wars,6.251,6.585,0.334
Wizards of Waverly Place: The Movie,7.298,6.724,-0.574
My Life in Ruins,6.141,6.171,0.03
The Beguiled,5.918,6.817,0.899
Snatch,7.818,7.549,-0.269
Heads of State,6.8,6.333,-0.467
Legends of Oz: Dorothy's Return,6.278,6.705,0.427
The Perfect Storm,6.481,6.757,0.276
The Human Stain,6.007,6.67,0.663
The Beguiled,7.0,7.081,0.081
Gretel & Hansel,6.006,6.608,0.602
Free Fall,7.7,6.616,-1.084
All Is Lost,6.645,6.519,-0.126
American Made,6.899,6.958,0.059
MouseHunt,6.538,6.79,0.252
Ghost Rider,5.587,7.084,1.497
The Death & Life of John F. Donovan,6.87,6.94,0.07
Shiva Baby,7.118,6.359,-0.759
Creep 2,6.324,6.285,-0.039
Precious,7.32,7.027,-0.293
A Perfect Man,6.89,6.258,-0.632
The Kid Who Would Be King,6.197,6.495,0.298
Would I Lie to You? 3,5.483,6.369,0.886
The Tigger Movie,6.578,6.993,0.415
A Perfect Getaway,6.35,6.322,-0.028
The Devil All the Time,7.191,6.588,-0.603
2 Days in Paris,6.244,6.284,0.04
The Wizard of Oz,7.589,7.82,0.231
Diaz - Don't Clean Up This Blood,7.1,6.635,-0.465
The World's Fastest Indian,7.674,7.139,-0.535
Rushmore,7.391,7.212,-0.179
A Minecraft Movie,6.294,6.645,0.351
Paranormal Activity 2,5.785,6.196,0.411
Merry Madagascar,6.489,6.522,0.033
The Hills Have Eyes 2,5.569,6.76,1.191
Angst,7.073,6.264,-0.809
The Nines,5.98,6.627,0.647
War Machine,5.616,6.849,1.233
The Tale of Despereaux,6.132,6.521,0.389
Barbie: A Perfect Christmas,6.714,6.594,-0.12
The Tale,7.067,6.235,-0.832
Afflicted,6.407,6.397,-0.01
Innocent Voices,8.153,6.796,-1.357
The Salvation,6.467,6.654,0.187
Spider-Man 2,7.297,7.317,0.02
Sniper: The White Raven,7.629,6.558,-1.071
Goosebumps,6.3,6.828,0.528
The Aviator,7.2,7.352,0.152
Richard Jewell,7.418,6.762,-0.656
The Mad Women's Ball,7.063,6.251,-0.812
The Day the Earth Stood Still,5.7,6.842,1.142
Out of the Blue,5.963,6.516,0.553
Message in a Bottle,6.264,6.796,0.532
Kidz,5.95,6.355,0.405
The Babadook,6.529,6.842,0.313
The Jack in the Box,5.737,6.408,0.671
Prometheus,6.59,6.96,0.37
The Delta Force,5.9,6.394,0.494
Conspiracy Theory,6.62,6.88,0.26
The Jewel of the Nile,6.21,6.845,0.635
Inferno,6.139,6.568,0.429
Harry Potter and the Order of the Phoenix,7.673,7.322,-0.351
A Moment to Remember,7.815,7.068,-0.747
Beowulf,5.91,6.825,0.915
Toy Story 2,7.604,7.496,-0.108
The Promise,6.868,6.643,-0.225
Sabrina,6.2,6.955,0.755
The Shawshank Redemption,8.715,8.018,-0.697
The Volcano,5.581,6.212,0.631
Kiki's Delivery Service,7.8,7.468,-0.332
Nausicaä of the Valley of the Wind,7.948,7.141,-0.807
Paper Man,6.3,6.723,0.423
High Heels,7.1,6.683,-0.417
Little Boy,7.216,6.98,-0.236
Ben-Hur,7.885,7.56,-0.325
Reds,6.875,7.095,0.22
Ophelia,7.085,6.508,-0.577
The Angel,6.6,6.517,-0.083
Unaccompanied Minors,5.951,6.623,0.672
Enough,6.648,6.684,0.036
The Last Detail,7.0,6.747,-0.253
The Usual Suspects,8.2,7.207,-0.993
Walk the Line,7.5,7.011,-0.489
The Punisher,5.769,6.905,1.136
Hypnotic,6.204,6.369,0.165
Halloween,7.6,7.342,-0.258
Leaving Las Vegas,7.244,7.156,-0.088
Kill the Irishman,6.775,6.891,0.116
Tumbbad,7.581,6.34,-1.241
Galaxy Quest,7.08,6.869,-0.211
American Graffiti,7.032,6.662,-0.37
Minnal Murali,7.169,6.276,-0.893
Kon-Tiki,6.884,7.006,0.122
Anomalisa,7.103,6.981,-0.122
Songbird,6.179,6.708,0.529
Miracle Mile,6.895,6.4,-0.495
The Electrical Life of Louis Wain,6.937,6.73,-0.207
The Jungle Book,6.867,6.72,-0.147
The Smashing Machine,6.476,6.802,0.326
3 Women,7.1,6.672,-0.428
The Congress,6.402,6.707,0.305
The Poseidon Adventure,7.1,6.805,-0.295
Step Brothers,6.562,6.814,0.252
Thirteen,6.7,6.802,0.102
Footloose,6.681,7.209,0.528
For a Few Dollars More,8.017,7.561,-0.456
Let the Right One In,7.55,7.403,-0.147
GirlHouse,5.952,6.201,0.249
The Thursday Murder Club,6.607,6.631,0.024
Guy Ritchie's The Covenant,7.7,7.193,-0.507
Correspondence,6.365,6.552,0.187
The Legend of Drunken Master,7.433,6.623,-0.81
The Great Flood,6.042,6.995,0.953
The Protector,7.127,6.664,-0.463
The Talented Mr. Ripley,7.199,7.103,-0.096
Catch Me If You Can,7.977,7.252,-0.725
Grandma,6.5,6.482,-0.018
Hitman: Agent 47,5.896,6.55,0.654
The Monkey King: Reborn,7.211,6.691,-0.52
Mystic River,7.743,7.436,-0.307
Hot Rod,6.39,6.644,0.254
Annie Hall,7.73,6.885,-0.845
Kundun,6.794,6.93,0.136
Dark Shadows,6.098,7.097,0.999
Mommy,8.2,6.918,-1.282
Before I Wake,6.495,6.685,0.19
The Hawks and the Sparrows,7.23,7.03,-0.2
"The Cook, the Thief, His Wife & Her Lover",7.317,6.568,-0.749
Michael Collins,6.874,6.977,0.103
Awakenings,7.776,7.358,-0.418
Hop,5.8,6.587,0.787
Labyrinth,7.3,6.983,-0.317
Friday After Next,6.362,6.694,0.332
Jumanji: The Next Level,6.88,6.945,0.065
The Sorcerer's Apprentice,6.136,6.79,0.654
Infested,6.596,6.434,-0.162
Secret of the Wings,7.2,6.892,-0.308
Cool Runnings,7.008,7.311,0.303
The Revenant,7.539,7.144,-0.395
The Seeker: The Dark Is Rising,5.437,6.54,1.103
Just Wright,6.5,6.59,0.09
Bullet Train,7.417,6.864,-0.553
Wrong Cops,6.07,6.047,-0.023
The Counterfeiters,7.372,7.222,-0.15
The Green Mile,8.5,7.696,-0.804
The Omega Man,6.159,6.757,0.598
Parental Guidance,5.961,6.584,0.623
Shaft,6.009,6.713,0.704
Queen Margot,7.188,6.826,-0.362
The Hard Way,6.147,6.269,0.122
Fantozzi: White Collar Blues,7.818,6.854,-0.964
Dirty Dancing: Havana Nights,6.4,6.638,0.238
Bad Tales,6.721,6.791,0.07
Vertical Limit,6.0,6.384,0.384
Under the Riccione Sun,6.2,6.159,-0.041
Undisputed II: Last Man Standing,7.4,6.776,-0.624
Tremors 2: Aftershocks,6.307,6.856,0.549
Oz the Great and Powerful,5.93,7.115,1.185
The Godfather Part III,7.42,7.686,0.266
One Piece Film Red,7.189,6.459,-0.73
Frenzy,7.095,6.775,-0.32
Burn After Reading,6.67,7.074,0.404
Confessions of a Shopaholic,6.5,6.447,-0.053
Freaky,6.556,6.778,0.222
Django,7.207,6.937,-0.27
Last Man Down,6.184,6.0,-0.184
Just Before I Go,6.419,6.164,-0.255
A Perfect World,7.487,7.178,-0.309
Halloween H20: 20 Years Later,6.0,6.815,0.815
Uncut Gems,7.155,6.56,-0.595
Palm Trees in the Snow,7.4,6.765,-0.635
Saw,7.0,6.387,-0.613
Tin & Tina,5.937,6.518,0.581
Jawan,7.1,6.493,-0.607
Alita: Battle Angel,7.243,6.994,-0.249
A Silent Voice: The Movie,8.382,7.511,-0.871
Black Snake Moan,6.852,6.638,-0.214
Red Rock West,6.74,6.569,-0.171
The End of the Tour,7.013,6.728,-0.285
Cocoon,6.63,6.678,0.048
Dreamcatcher,5.629,6.533,0.904
Tomboy,7.295,6.696,-0.599
Tron,6.637,6.803,0.166
Adore,6.1,6.811,0.711
To Be or Not to Be,7.815,7.274,-0.541
Extraction,7.3,6.775,-0.525
Sink or Swim,6.923,6.955,0.032
About Schmidt,6.847,6.659,-0.188
Souleymane's Story,7.467,6.746,-0.721
The Hidden Face,7.298,6.747,-0.551
Sherlock Gnomes,5.747,6.571,0.824
The World According to Garp,6.7,6.817,0.117
They Called Him Bulldozer,6.823,6.916,0.093
Pandorum,6.585,6.65,0.065
Kandahar,6.8,6.392,-0.408
17 Girls,5.46,6.21,0.75
Legend of the Fist: The Return of Chen Zhen,6.814,6.698,-0.116
Dream House,6.202,6.328,0.126
It's Complicated,6.498,6.61,0.112
Jumper,6.161,6.693,0.532
The Unknown Girl,6.2,6.654,0.454
The Specials,7.783,6.902,-0.881
High and Low,8.3,7.041,-1.259
Kung Fu Yoga,5.9,6.767,0.867
Stuber,6.622,6.643,0.021
Lakeview Terrace,5.975,6.658,0.683
Men in Black II,6.382,7.136,0.754
Kirikou and the Sorceress,7.338,6.982,-0.356
Monster Hunt,6.5,6.531,0.031
Girlhood,6.439,6.709,0.27
The Last Temptation of Christ,7.211,6.937,-0.274
The Legend of Zorro,6.1,6.839,0.739
Rugrats in Paris: The Movie,6.662,6.853,0.191
The Lorax,6.523,7.094,0.571
The Guilt Trip,5.612,6.141,0.529
The Cabin in the Woods,6.642,6.7,0.058
Alien Nation,6.0,6.39,0.39
10 Cloverfield Lane,7.0,7.182,0.182
After.Life,6.322,6.822,0.5
Cam,5.84,6.368,0.528
Kidnapped,7.307,7.016,-0.291
Four Flies on Grey Velvet,6.49,6.922,0.432
Midnight in Paris,7.515,7.12,-0.395
Gangs of Wasseypur - Part 1,7.084,6.696,-0.388
24 Hour Party People,6.95,6.567,-0.383
Fountain of Youth,6.281,6.609,0.328
Borderlands,5.605,6.89,1.285
A Hard Day's Night,7.315,6.857,-0.458
Kika,6.394,6.663,0.269
PK,7.702,7.118,-0.584
Suicide Squad,5.919,7.46,1.541
Made in Dagenham,6.7,6.472,-0.228
The Student and Mister Henri,6.6,6.699,0.099
The Good Girl,6.219,6.582,0.363
Machine Gun Preacher,6.727,6.841,0.114
Firestarter,5.481,6.407,0.926
My Sister's Keeper,7.37,7.145,-0.225
The Overnight,5.961,6.212,0.251
Ichi the Killer,7.001,6.74,-0.261
Line of Duty,5.877,6.382,0.505
Thunder Force,5.483,6.33,0.847
You Can Count on Me,6.823,6.756,-0.067
Restless,6.5,6.622,0.122
What If,6.736,7.087,0.351
Martian Child,6.674,6.795,0.121
In Time,6.97,7.345,0.375
Hereafter,6.1,6.975,0.875
Lost River,5.7,6.106,0.406
The Girl Who Played with Fire,6.992,6.768,-0.224
Lock Up,6.816,6.754,-0.062
Midnight Sun,7.808,6.906,-0.902
The Endless,6.325,6.266,-0.059
Jimmy Neutron: Boy Genius,6.1,6.32,0.22
The Gods Must Be Crazy II,7.081,6.663,-0.418
Trainspotting,8.0,7.226,-0.774
Dragon Ball Z: Resurrection 'F',6.859,6.67,-0.189
Last Night of Amore,7.138,5.981,-1.157
Impostor,6.114,6.421,0.307
A Fantastic Woman,7.0,6.506,-0.494
Beirut,6.286,6.208,-0.078
White Squall,6.265,6.577,0.312
Lolita,7.308,7.278,-0.03
The Libertine,5.918,6.925,1.007
City of God,8.4,7.612,-0.788
Would I Lie to You?,6.281,6.488,0.207
Tangled: Before Ever After,6.8,6.715,-0.085
Minority Report,7.35,6.929,-0.421
Juice,7.2,6.661,-0.539
The Cranes Are Flying,7.924,7.075,-0.849
Victoria & Abdul,6.901,6.92,0.019
Oedipus Rex,6.7,7.122,0.422
Hancock,6.351,7.116,0.765
Saw,7.4,6.826,-0.574
Queen & Slim,7.1,6.608,-0.492
Live and Let Die,6.508,6.741,0.233
All My Friends Are Dead,5.835,6.407,0.572
Main Hoon Na,6.609,6.241,-0.368
Like Father,6.237,6.181,-0.056
After the Dark,6.042,6.58,0.538
Crows Zero,7.075,6.519,-0.556
Lights Out,7.284,6.133,-1.151
Honeymoon,5.419,6.2,0.781
Disobedience,6.886,6.583,-0.303
The Danish Girl,7.555,7.185,-0.37
Joy Ride,6.512,6.909,0.397
My Spy,6.871,6.637,-0.234
Ju-on: The Grudge 2,6.44,6.534,0.094
Ferris Bueller's Day Off,7.57,7.21,-0.36
Pain Hustlers,6.657,6.312,-0.345
Shutter,7.296,6.954,-0.342
The Day After Tomorrow,6.547,6.978,0.431
High School Musical 3: Senior Year,6.545,7.006,0.461
Someone Like You...,5.9,6.308,0.408
Uptown Girls,6.9,6.762,-0.138
The Grand Seduction,6.662,6.416,-0.246
Penelope,6.736,6.809,0.073
Primeval,6.068,6.511,0.443
Funny People,5.9,6.639,0.739
Abominable,7.456,6.789,-0.667
The Healer,7.2,6.606,-0.594
Lifted,7.46,6.727,-0.733
Prospect,6.223,6.299,0.076
Thinner,5.886,6.865,0.979
"Big Mommas: Like Father, Like Son",5.6,6.522,0.922
Choke,6.092,6.62,0.528
Under the Same Moon,7.708,6.905,-0.803
King Solomon's Mines,5.4,6.79,1.39
The Shack,7.493,6.833,-0.66
The Last Exorcism,5.697,6.35,0.653
Interstate 60,7.4,6.738,-0.662
Darkman,6.436,6.828,0.392
The Substitute,6.9,6.52,-0.38
"Aguirre, the Wrath of God",7.452,7.365,-0.087
Barbie in A Mermaid Tale 2,7.0,6.342,-0.658
Stalingrad,7.311,6.726,-0.585
Valentine,5.554,6.448,0.894
House of Gucci,6.572,6.775,0.203
Mean Creek,6.848,6.589,-0.259
Paperman,7.999,6.667,-1.332
Eyes Without a Face,7.58,6.761,-0.819
The 40 Year Old Virgin,6.415,6.911,0.496
Chip 'n Dale: Rescue Rangers,7.0,6.513,-0.487
Sid and Nancy,6.734,6.552,-0.182
Head Full of Honey,7.3,6.644,-0.656
The Expendables,6.249,6.945,0.696
Heart of Stone,6.747,6.481,-0.266
House at the End of the Street,5.79,7.09,1.3
The Addiction,6.464,6.35,-0.114
Sisters,5.969,6.638,0.669
Logan,7.8,7.109,-0.691
Lawrence of Arabia,7.995,7.502,-0.493
Suicide Room,7.281,6.335,-0.946
Mediterraneo,7.623,7.228,-0.395
Meet the Robinsons,6.93,7.041,0.111
Red Beard,8.1,7.269,-0.831
Late Spring,8.0,7.307,-0.693
Calibre,6.484,6.188,-0.296
The Incredible Shrinking Man,7.5,6.9,-0.6
In the Loop,7.038,6.852,-0.186
Miracles from Heaven,7.435,6.446,-0.989
Autumn Sonata,8.0,7.198,-0.802
I Am a Hero,7.421,6.625,-0.796
Promised Land,6.284,6.581,0.297
The Judge,7.328,6.945,-0.383
The Lives of Others,8.04,7.108,-0.932
A Taxi Driver,8.025,6.699,-1.326
The Many Saints of Newark,6.3,6.483,0.183
Angels in the Outfield,5.993,6.961,0.968
Back to the Future,8.3,7.814,-0.486
The Book of Life,7.53,7.083,-0.447
Mr. Right,6.5,6.447,-0.053
Humanist Vampire Seeking Consenting Suicidal Person,7.421,6.209,-1.212
Fighting with My Family,6.842,6.588,-0.254
Godzilla Raids Again,6.0,7.175,1.175
She's Funny That Way,5.9,6.709,0.809
Mulholland Falls,5.983,6.561,0.578
Fun with Dick and Jane,6.214,6.615,0.401
Three Thousand Years of Longing,6.882,6.832,-0.05
Midnight Special,6.251,6.784,0.533
I Want You,7.5,6.675,-0.825
A Special Day,8.035,7.166,-0.869
Viral,5.7,6.43,0.73
Upside Down,6.274,7.097,0.823
"Hello, My Name Is Doris",6.38,6.454,0.074
Man of Tai Chi,6.093,6.731,0.638
Mon Oncle,7.408,6.963,-0.445
Never Back Down,6.778,6.693,-0.085
The Lion King II: Simba's Pride,6.938,7.125,0.187
Boundin',6.5,6.706,0.206
Role Models,6.483,6.708,0.225
The Big Wedding,5.839,6.36,0.521
Excalibur,7.0,6.968,-0.032
Keeping the Faith,6.079,6.399,0.32
Happy as Lazzaro,7.403,7.081,-0.322
Killing Season,5.53,6.885,1.355
Roman Holiday,7.889,7.107,-0.782
Dragon Ball Z: Broly - Second Coming,6.8,6.938,0.138
My Sassy Girl,7.531,6.395,-1.136
Air,7.293,6.665,-0.628
Kalashnikov AK-47,7.4,6.227,-1.173
Ali G Indahouse,6.052,6.467,0.415
The Domestics,6.124,6.377,0.253
Walk Hard: The Dewey Cox Story,6.61,6.84,0.23
Bad Boys for Life,7.123,6.886,-0.237
Day for Night,7.8,7.057,-0.743
The Strangers,6.128,6.515,0.387
The Cursed,6.588,6.451,-0.137
Justice League: The Flashpoint Paradox,7.883,7.049,-0.834
Maria Full of Grace,7.196,6.441,-0.755
Police Story: Lockdown,6.2,6.62,0.42
Matilda,7.2,7.277,0.077
Big Bad Wolves,6.618,6.624,0.006
Society of the Snow,7.977,6.636,-1.341
The Crazies,6.076,6.722,0.646
Muzzle,6.481,6.451,-0.03
Champions,6.719,6.468,-0.251
To All the Boys: Always and Forever,7.511,6.588,-0.923
Star Trek: Generations,6.514,7.016,0.502
Amen.,6.957,6.556,-0.401
Monster,7.928,6.772,-1.156
Three Colors: Red,7.907,6.832,-1.075
This Is Where I Leave You,6.62,6.738,0.118
In Good Company,6.046,6.692,0.646
Obsession,6.646,6.924,0.278
The Consequences of Love,7.538,7.001,-0.537
The Gilded Cage,6.746,6.373,-0.373
Free State of Jones,6.767,6.87,0.103
1408,6.698,6.938,0.24
Last Action Hero,6.471,6.902,0.431
Stripes,6.564,6.764,0.2
Housebound,6.58,6.687,0.107
The Haunting,5.481,6.228,0.747
You Can't Take It with You,7.5,7.057,-0.443
The Road to El Dorado,7.254,6.874,-0.38
Sinister 2,5.887,6.855,0.968
Bo Burnham: Inside,8.0,6.484,-1.516
Admission,5.602,6.551,0.949
Le Gendarme de Saint-Tropez,7.035,6.907,-0.128
Twelve Monkeys,7.603,7.009,-0.594
White Bird in a Blizzard,6.172,6.692,0.52
A Little Bit of Heaven,6.371,6.492,0.121
The Woman in the Window,5.986,6.571,0.585
Dark Places,5.933,6.809,0.876
The Art of War,5.7,6.315,0.615
Save the Last Dance,6.5,6.559,0.059
Missing,7.241,6.645,-0.596
Devotion,7.066,7.062,-0.004
The Innocent,6.758,6.589,-0.169
Shadows in Paradise,7.265,6.94,-0.325
After,7.112,6.709,-0.403
Manon of the Spring,7.6,7.027,-0.573
Lady Bird,7.253,7.62,0.367
Cocorico,5.548,6.106,0.558
Sharper,6.866,6.258,-0.608
Mindhorn,6.1,6.478,0.378
A Fish Called Wanda,7.21,6.968,-0.242
Wicker Park,6.812,6.869,0.057
The Son,6.73,6.695,-0.035
Rebel Moon - Part One: A Child of Fire,6.2,6.826,0.626
My Name Is Nobody,7.259,7.398,0.139
Trash,7.057,6.428,-0.629
Nightwatch,6.882,6.6,-0.282
Flubber,5.657,6.528,0.871
Race to Witch Mountain,5.802,6.64,0.838
The Possession,6.029,6.636,0.607
The Weekend Away,6.0,6.548,0.548
Marauders,5.835,6.42,0.585
Thelma,6.794,6.739,-0.055
Living in Oblivion,7.176,6.793,-0.383
Always,7.8,6.643,-1.157
Truth,6.542,6.476,-0.066
Mean Girls,7.2,7.037,-0.163
Now You See Me 2,6.83,6.958,0.128
Significant Other,6.059,6.269,0.21
Naruto the Movie: Guardians of the Crescent Moon Kingdom,7.1,6.921,-0.179
Laurence Anyways,7.644,6.521,-1.123
Emerald Green,6.961,6.576,-0.385
You Don't Mess with the Zohan,5.722,6.728,1.006
Lamp Life,7.118,6.571,-0.547
Tremors 4: The Legend Begins,5.749,6.543,0.794
My Fault: London,7.419,7.02,-0.399
Young Woman and the Sea,7.853,6.822,-1.031
Beethoven,5.835,6.73,0.895
Full Speed,6.035,6.356,0.321
Bananas,6.7,6.906,0.206
Batman: The Killing Joke,6.612,6.548,-0.064
Good Boys,6.8,6.596,-0.204
The Witch,7.0,7.162,0.162
Carrie,6.124,6.468,0.344
Those Who Wish Me Dead,6.6,6.466,-0.134
Certain Women,6.0,6.75,0.75
The Exception,6.9,6.354,-0.546
The Deliverance,5.984,6.407,0.423
The 5th Wave,5.937,6.854,0.917
Flashback,6.046,6.338,0.292
Respect,6.779,6.474,-0.305
"Jeff, Who Lives at Home",6.223,6.243,0.02
Common Wealth,6.908,6.496,-0.412
C'est la vie!,7.014,6.203,-0.811
Chicago,7.127,6.863,-0.264
Horse Girl,5.647,6.376,0.729
Bachelor Party,6.282,6.817,0.535
The World Is Yours,6.719,6.207,-0.512
The Mission,7.4,6.972,-0.428
Hellbound: Hellraiser II,6.411,6.864,0.453
King of Thieves,5.549,6.64,1.091
Vegas Vacation,6.004,6.305,0.301
Battlestar Galactica: Razor,7.172,6.643,-0.529
Barbie: Princess Charm School,7.522,6.767,-0.755
A Woman Under the Influence,7.79,6.704,-1.086
The Gambler,6.027,6.832,0.805
Appleseed Alpha,6.724,6.264,-0.46
All the Boys Love Mandy Lane,5.6,6.384,0.784
Death and the Maiden,7.069,6.92,-0.149
The English Teacher,5.6,6.505,0.905
Revoir Paris,7.083,6.666,-0.417
The Internship,6.2,6.523,0.323
Short Term 12,7.762,6.649,-1.113
Jean-Philippe,5.707,6.44,0.733
Unbroken,7.425,7.311,-0.114
Luther: The Fallen Sun,6.6,6.349,-0.251
Raising Arizona,7.051,6.601,-0.45
Close to the Horizon,7.8,6.461,-1.339
Whatever Works,7.078,6.667,-0.411
Another Earth,6.712,6.562,-0.15
Detachment,7.625,6.71,-0.915
Retribution,6.7,6.448,-0.252
Brightburn,6.143,6.403,0.26
Mortdecai,5.5,6.718,1.218
Naked Lunch,7.006,6.621,-0.385
Legion,5.902,6.443,0.541
You Choose!,5.683,6.519,0.836
Neon Genesis Evangelion: The End of Evangelion,8.262,6.857,-1.405
Lightyear,6.887,6.904,0.017
Joe: The Busybody,7.213,6.833,-0.38
Police Story 2,7.07,6.609,-0.461
Metal Lords,6.9,6.491,-0.409
The House,5.625,6.082,0.457
Blue Streak,6.496,6.82,0.324
Gaslight,7.519,6.99,-0.529
"Spring, Summer, Fall, Winter... and Spring",7.806,7.008,-0.798
Romeo Must Die,6.275,6.828,0.553
The Magdalene Sisters,7.422,6.949,-0.473
Dragon Ball: Curse of the Blood Rubies,6.9,7.04,0.14
The Bourne Ultimatum,7.434,6.775,-0.659
Train to Busan,7.748,7.085,-0.663
Star Wars: Episode I - The Phantom Menace,6.569,6.921,0.352
Wolf,6.126,7.049,0.923
Swallow,6.604,6.424,-0.18
The Parent Trap,7.2,7.033,-0.167
Middle Men,6.5,6.219,-0.281
Bāhubali 2: The Conclusion,7.5,6.887,-0.613
Green Lantern: First Flight,6.953,6.519,-0.434
Legend of the Guardians: The Owls of Ga'Hoole,6.818,7.027,0.209
Æon Flux,5.644,6.618,0.974
Captain Underpants: The First Epic Movie,6.272,6.889,0.617
Rabbit Without Ears,6.1,6.373,0.273
White Heat,7.651,7.172,-0.479
Bad Lieutenant: Port of Call - New Orleans,6.179,6.771,0.592
Venom: Let There Be Carnage,6.754,6.805,0.051
Pinocchio,5.8,6.622,0.822
The Working Class Goes to Heaven,7.8,6.743,-1.057
The Circle,5.52,6.559,1.039
In the Name of the Father,7.891,7.138,-0.753
Escort in Love,6.153,6.603,0.45
3000 Miles to Graceland,5.851,6.499,0.648
The Lord of the Rings: The Return of the King,8.493,7.454,-1.039
Tightrope,6.144,6.537,0.393
We Can Be Heroes,5.974,6.609,0.635
Snake in the Eagle's Shadow,7.3,7.026,-0.274
Good Fortune,7.028,6.861,-0.167
The Matrix,8.237,7.392,-0.845
The Curse of the Jade Scorpion,6.594,6.299,-0.295
Fast & Furious,6.686,6.784,0.098
Cobweb,6.453,6.556,0.103
Final Destination 2,6.297,7.03,0.733
12 Strong,6.349,6.712,0.363
The Bookshop,6.502,6.635,0.133
To Kill a Mockingbird,7.994,7.715,-0.279
Ben 10: Alien Swarm,6.142,6.543,0.401
Bones and All,7.013,6.839,-0.174
Extraordinary Measures,6.288,6.512,0.224
Mongol: The Rise of Genghis Khan,6.773,7.228,0.455
Zardoz,5.934,6.865,0.931
Pillow Talk,7.1,6.832,-0.268
Maze Runner: The Death Cure,7.09,6.849,-0.241
Death on the Nile,6.414,6.577,0.163
Problem Child 2,5.866,6.888,1.022
Must Love Dogs,5.927,6.393,0.466
Night Watch,6.23,6.691,0.461
Shut In,6.8,6.517,-0.283
Village of the Damned,7.2,7.449,0.249
Percy Jackson: Sea of Monsters,6.026,6.444,0.418
Mothra vs. Godzilla,7.0,6.84,-0.16
The Offering,6.027,6.161,0.134
Ad Astra,6.125,6.749,0.624
Loving,6.697,6.835,0.138
Fathers and Daughters,7.13,6.607,-0.523
The Tree of Life,6.731,7.435,0.704
Cold Prey,6.281,6.68,0.399
Aftermath,5.747,6.139,0.392
Monsieur Hulot's Holiday,6.9,6.799,-0.101
God Bless America,6.957,6.743,-0.214
November,7.056,6.366,-0.69
After Everything,6.887,6.461,-0.426
Jeepers Creepers,6.473,6.859,0.386
Children Who Chase Lost Voices,7.246,7.103,-0.143
Footloose,6.591,6.955,0.364
Blade II,6.557,6.85,0.293
The Midnight Man,5.777,6.305,0.528
Dark Skies,6.328,6.283,-0.045
Knocked Up,6.3,7.251,0.951
SPY x FAMILY CODE: White,7.092,6.695,-0.397
The Grandmother,5.891,6.257,0.366
The Equalizer 2,6.781,6.93,0.149
Z-O-M-B-I-E-S 2,7.465,6.182,-1.283
Honeymoon Trips,6.833,6.167,-0.666
Snowtown,6.293,6.738,0.445
Calvary,7.119,6.379,-0.74
Denial,6.8,6.528,-0.272
Flesh + Blood,6.6,6.393,-0.207
A Haunted House 2,6.184,6.499,0.315
Da 5 Bloods,6.5,6.464,-0.036
The Chaser,7.75,6.686,-1.064
Halloween Kills,6.424,6.671,0.247
Jersey Girl,6.183,6.771,0.588
After We Collided,7.158,6.908,-0.25
Miracle on 34th Street,7.369,7.249,-0.12
Bordello of Blood,5.909,6.624,0.715
To Catch a Killer,6.871,6.951,0.08
Tolkien,6.928,6.755,-0.173
Chef,7.115,6.572,-0.543
10 Days with Dad,5.962,5.857,-0.105
Scoob!,7.003,6.908,-0.095
Real Genius,6.7,6.723,0.023
Cop Out,5.549,6.258,0.709
Greyhound,7.412,7.134,-0.278
The Company You Keep,6.172,6.602,0.43
Blood and Chocolate,5.6,6.609,1.009
Shinjuku Incident,6.7,6.483,-0.217
The Texas Chainsaw Massacre: The Beginning,6.156,6.677,0.521
The Man Who Would Be King,7.479,6.961,-0.518
Project A Part II,7.158,6.834,-0.324
The Last Duel,7.4,7.08,-0.32
Get Smart,6.202,6.745,0.543
Quarantine 2: Terminal,5.7,5.949,0.249
Sandy Wexler,5.485,6.434,0.949
A Bag of Marbles,7.801,6.576,-1.225
Siberian Education,6.796,6.787,-0.009
Mars Attacks!,6.414,6.785,0.371
Yi Yi,7.918,7.325,-0.593
Notorious,6.944,6.736,-0.208
Superbad,7.259,7.046,-0.213
One Night at McCool's,5.9,6.61,0.71
Loro,6.717,6.505,-0.212
Klaus,8.226,7.128,-1.098
Antitrust,6.029,6.304,0.275
Ms .45,6.7,6.637,-0.063
Midway,7.109,7.083,-0.026
The Beverly Hillbillies,6.305,6.695,0.39
The Cheetah Girls 2,6.3,6.508,0.208
The Suicide Squad,7.472,7.084,-0.388
Triangle of Sadness,7.021,6.785,-0.236
Fast & Furious 6,6.816,6.651,-0.165
The Return of Don Camillo,7.2,6.861,-0.339
Winchester '73,7.301,7.206,-0.095
Life After Beth,5.495,6.376,0.881
Saw III,6.419,6.788,0.369
"4 Months, 3 Weeks and 2 Days",7.533,6.377,-1.156
The Watchers,6.361,6.54,0.179
The Longest Yard,6.8,6.773,-0.027
Before the Devil Knows You're Dead,7.115,6.623,-0.492
Candy Jar,6.11,6.266,0.156
Ambulance,6.629,6.321,-0.308
Better Watch Out,6.652,6.542,-0.11
Miami Vice,6.023,6.829,0.806
Weird Science,6.55,6.917,0.367
Sister Death,5.989,6.714,0.725
The Eyes of My Mother,6.186,6.869,0.683
OSS 117: Lost in Rio,7.097,6.723,-0.374
Life Is Beautiful,8.44,7.845,-0.595
Paulie,6.908,6.689,-0.219
The Heartbreak Kid,5.74,6.663,0.923
Grand Piano,5.959,6.836,0.877
Flags of Our Fathers,6.861,6.96,0.099
The Natural,6.91,6.882,-0.028
Little Italy,6.626,6.551,-0.075
Wild Child,6.7,7.06,0.36
Two Distant Strangers,7.051,6.321,-0.73
Blood and Bone,7.354,6.318,-1.036
Silent Movie,6.536,6.675,0.139
Marvel One-Shot: The Consultant,6.309,6.366,0.057
A Prairie Home Companion,6.25,6.425,0.175
Hatchet II,5.549,6.404,0.855
The Emperor's New Groove,7.6,7.018,-0.582
Becky,6.307,6.178,-0.129
Full Out,7.21,6.919,-0.291
Bambi,7.0,7.926,0.926
Like Water for Chocolate,7.27,6.654,-0.616
I Spit on Your Grave,6.511,6.667,0.156
Rush Hour 3,6.484,6.812,0.328
xXx,6.0,7.551,1.551
The Station Agent,7.348,7.149,-0.199
Wrong Turn,5.952,6.519,0.567
Incarnate,5.452,6.707,1.255
Taking Lives,6.38,6.372,-0.008
Porco Rosso,7.794,7.086,-0.708
King Kong,6.888,6.973,0.085
First Daughter,6.164,6.329,0.165
Morgan,5.812,6.808,0.996
Three Floors,6.315,6.728,0.413
Elevator to the Gallows,7.6,7.03,-0.57
Leprechaun 2,5.494,6.425,0.931
A Boss in the Living Room,5.982,6.511,0.529
Key Largo,7.45,6.798,-0.652
Angel's Egg,7.7,7.335,-0.365
"Three Billboards Outside Ebbing, Missouri",8.062,6.958,-1.104
Intolerance: Love's Struggle Throughout the Ages,7.057,7.869,0.812
Presto,7.79,6.311,-1.479
Bullhead,7.072,6.513,-0.559
The Brood,6.721,6.994,0.273
New Kids Turbo,6.333,6.226,-0.107
Grumpier Old Men,6.483,6.543,0.06
Michael,5.711,6.774,1.063
Transformers: Revenge of the Fallen,6.21,7.277,1.067
The General's Daughter,6.4,6.552,0.152
V/H/S,6.095,6.251,0.156
Elephant,7.0,6.882,-0.118
The Cure,7.943,6.957,-0.986
Serial Teachers,5.435,6.154,0.719
Equals,6.1,6.536,0.436
Dragon,6.906,6.686,-0.22
The Turning,5.722,6.466,0.744
Rashomon,8.047,7.718,-0.329
Escobar: Paradise Lost,6.267,6.672,0.405
The Bank Job,6.834,6.54,-0.294
The Brutalist,6.973,6.812,-0.161
Young Ones,5.695,6.49,0.795
Kickboxer: Retaliation,5.435,6.158,0.723
Escape Room: Tournament of Champions,6.5,6.717,0.217
Breathless,7.5,7.352,-0.148
Airport,6.457,6.946,0.489
Coexister,5.8,6.437,0.637
Sleepers,7.605,7.371,-0.234
The Grudge 3,5.428,6.531,1.103
Flashdance,6.486,7.097,0.611
John Wick,7.454,7.304,-0.15
Wilson,5.992,6.526,0.534
Purple Noon,7.6,6.883,-0.717
Eden Lake,6.832,6.407,-0.425
"Juliet, Naked",6.295,6.33,0.035
Rio,6.757,7.107,0.35
200 Pounds Beauty,6.8,6.527,-0.273
Scooby-Doo! The Mystery Begins,6.417,6.555,0.138
Snake Eyes,6.184,6.808,0.624
C'mon C'mon,7.2,6.373,-0.827
Fierce Creatures,6.2,5.969,-0.231
Unbreakable,7.143,6.998,-0.145
Spy,6.836,6.609,-0.227
A Knight's Tale,6.867,7.16,0.293
Arthur and the Revenge of Maltazard,5.744,6.675,0.931
My Cousin Rachel,5.7,6.565,0.865
Dog Soldiers,6.714,6.423,-0.291
My Neighbor Totoro,8.1,7.611,-0.489
Confession of Murder,7.1,6.411,-0.689
Jackass Presents: Bad Grandpa,6.132,7.067,0.935
The Laundromat,6.0,6.653,0.653
Le Cercle Rouge,7.6,6.892,-0.708
Babygirl,5.717,6.724,1.007
The Professor and the Madman,7.127,6.264,-0.863
The Magic of Belle Isle,6.995,6.464,-0.531
Naruto Shippuden the Movie: Bonds,7.3,6.739,-0.561
Narc,6.764,6.372,-0.392
Batman and Superman: Battle of the Super Sons,7.7,6.534,-1.166
To All the Boys: P.S. I Still Love You,6.822,6.712,-0.11
Basic Instinct,6.9,7.083,0.183
The Place Promised in Our Early Days,6.585,6.751,0.166
Triple 9,5.984,6.546,0.562
Pride and Prejudice and Zombies,6.166,6.646,0.48
Sausage Party,5.751,6.73,0.979
The Mauritanian,7.398,6.877,-0.521
Proud Mary,5.511,6.294,0.783
La Belle Époque,7.363,6.59,-0.773
Memoir of a Murderer,7.393,6.235,-1.158
Game of Death,6.402,6.812,0.41
Escape from L.A.,5.873,6.529,0.656
The Killer,7.673,6.958,-0.715
Bride of Re-Animator,6.5,6.784,0.284
Spawn,5.422,6.725,1.303
Project Gemini,5.708,5.961,0.253
Pawn Sacrifice,6.755,6.785,0.03
Animal Kingdom,6.803,6.54,-0.263
Bumblebee,6.72,7.155,0.435
The Stepford Wives,6.7,6.536,-0.164
Mermaids,6.731,7.088,0.357
The Negotiator,7.105,6.877,-0.228
Ninja,6.131,6.375,0.244
My Little Pony: A New Generation,7.725,6.192,-1.533
The Medium,7.0,6.518,-0.482
Ordet,7.947,7.1,-0.847
Trophy Wife,6.1,6.217,0.117
Old Dads,6.206,6.654,0.448
(500) Days of Summer,7.298,7.317,0.019
Joe Versus the Volcano,5.788,6.381,0.593
Drive Angry,5.532,6.238,0.706
Eight Legged Freaks,5.809,6.462,0.653
Friday the 13th Part III,5.9,6.505,0.605
Dragons: Dawn of the Dragon Racers,7.3,6.641,-0.659
The Blackening,5.938,6.012,0.074
Iron Eagle,5.6,6.595,0.995
Brubaker,7.1,6.689,-0.411
Lost Illusions,7.41,6.566,-0.844
The Worst Week of My Life,6.114,5.99,-0.124
Mysterious Skin,7.717,6.527,-1.19
The Hurricane,7.4,6.923,-0.477
Lou,7.529,6.57,-0.959
Lou,6.507,6.44,-0.067
Black Christmas,6.944,6.673,-0.271
Transamerica,6.996,6.677,-0.319
Taken 3,6.263,7.115,0.852
No One Gets Out Alive,5.891,6.292,0.401
Creep,6.001,6.84,0.839
Jawbreaker,6.4,6.47,0.07
Instructions Not Included,7.746,6.419,-1.327
"Monsters, Inc.",7.8,7.525,-0.275
Welcome to the Dollhouse,7.072,6.882,-0.19
2 Days in New York,5.592,6.099,0.507
Red Lights,6.171,6.533,0.362
Annapolis,6.858,6.622,-0.236
Guns Akimbo,6.4,6.477,0.077
Minions: The Rise of Gru,7.279,6.827,-0.452
Rocky III,6.899,6.811,-0.088
Loving Adults,6.305,6.156,-0.149
Scorpion King: Book of Souls,5.9,6.327,0.427
Dragon Ball GT: A Hero's Legacy,6.8,6.774,-0.026
My Life Without Me,6.082,7.021,0.939
The Atticus Institute,5.8,6.023,0.223
The Normal Heart,7.744,6.67,-1.074
The Jack in the Box: Awakening,6.255,6.633,0.378
The Stepfather,5.816,6.517,0.701
Men of Honor,7.487,7.411,-0.076
Bowfinger,6.168,6.615,0.447
My Mom Is a Character,7.743,6.103,-1.64
Uri: The Surgical Strike,7.033,6.441,-0.592
Police Story,7.523,7.047,-0.476
Arbitrage,6.304,6.759,0.455
Land of Bad,7.274,6.332,-0.942
Body Cam,6.232,6.108,-0.124
Four Brothers,6.809,6.64,-0.169
Dogma,6.921,7.099,0.178
The Boss Baby: Christmas Bonus,6.679,6.193,-0.486
Kraven the Hunter,6.444,7.297,0.853
Duplicity,5.915,6.248,0.333
Wallace & Gromit: The Curse of the Were-Rabbit,7.11,6.828,-0.282
The Phantom of Liberty,7.4,6.969,-0.431
Sansho the Bailiff,8.1,7.172,-0.928
Australia,6.584,7.19,0.606
Blended,6.893,6.67,-0.223
The Servant,7.607,7.3,-0.307
Toy Story,7.97,7.763,-0.207
"Yes, God, Yes",6.29,6.727,0.437
The Transporter Refueled,5.518,6.367,0.849
Up,7.96,7.843,-0.117
Open Range,7.2,6.537,-0.663
Immaculate,6.219,6.324,0.105
Addio fottuti musi verdi,5.659,6.564,0.905
Stuck in Love,7.375,6.952,-0.423
Me Against You: Mr. S's Vendetta,8.05,5.91,-2.14
Last Tango in Paris,6.909,7.25,0.341
A Wednesday!,7.0,6.512,-0.488
Can You Keep a Secret?,6.364,6.152,-0.212
Battle of Britain,6.9,6.845,-0.055
Let's Dance,6.487,6.603,0.116
The Crime Is Mine,6.468,6.867,0.399
After We Fell,7.0,6.536,-0.464
Jexi,6.757,6.758,0.001
THX 1138,6.439,7.218,0.779
This Is England,7.475,6.774,-0.701
Cuckoo,5.732,6.088,0.356
The Time Machine,7.353,7.146,-0.207
Troy,7.166,7.284,0.118
"I, Daniel Blake",7.712,6.98,-0.732
Malcolm & Marie,7.016,6.376,-0.64
Belle,7.658,6.864,-0.794
Fist of Fury,7.224,7.32,0.096
Night on Earth,7.516,6.824,-0.692
Bring It On: All or Nothing,6.742,6.311,-0.431
The Way of the Gun,6.319,6.216,-0.103
The Croods,6.9,7.045,0.145
Little Tickles,7.362,6.975,-0.387
Percy Jackson & the Olympians: The Lightning Thief,6.211,6.954,0.743
The Holy Mountain,7.53,7.178,-0.352
Minamata,6.949,6.436,-0.513
Mirai,7.138,6.707,-0.431
Inside Out,7.909,7.721,-0.188
The Vikings,7.0,7.052,0.052
Dirty Rotten Scoundrels,7.111,6.73,-0.381
The Party 2,6.425,6.888,0.463
Drop Dead Fred,5.826,6.658,0.832
G.I. Joe: Retaliation,5.651,6.853,1.202
In a World...,6.337,6.58,0.243
Witching & Bitching,6.371,6.508,0.137
The Transformers: The Movie,7.1,6.665,-0.435
The Stronghold,7.383,6.706,-0.677
Alice,7.432,6.541,-0.891
The Visitors,7.1,6.73,-0.37
Booksmart,7.012,6.571,-0.441
Infinity Pool,6.066,6.298,0.232
18 Presents,7.404,6.343,-1.061
Didier,6.098,6.651,0.553
Dogtooth,7.049,6.807,-0.242
Monte Carlo,6.787,6.756,-0.031
Eternals,6.784,6.95,0.166
Blood Father,6.2,6.564,0.364
T2 Trainspotting,6.943,6.738,-0.205
Not Another Teen Movie,5.8,6.778,0.978
The Wizard of Lies,6.602,6.311,-0.291
The Secret of NIMH,7.4,7.08,-0.32
Rebels,6.1,6.508,0.408
Ballerina,7.2,6.764,-0.436
Robin Hood,5.91,6.873,0.963
Back to Burgundy,6.851,6.169,-0.682
Love Is in the Air,5.955,6.261,0.306
Holy Motors,6.985,6.667,-0.318
Roommates Wanted,6.242,6.252,0.01
Mike's New Car,6.882,6.662,-0.22
Wedding Daze,5.58,6.535,0.955
The Princess Switch 3: Romancing the Star,6.754,6.27,-0.484
Air America,5.8,6.824,1.024
Cursed,5.429,6.774,1.345
Big Hero 6,7.725,7.146,-0.579
Platoon,7.746,7.641,-0.105
Don't Look Now... We're Being Shot At!,7.925,7.689,-0.236
Absolutely Anything,5.903,6.159,0.256
Sextuplets,6.211,6.686,0.475
Hobo with a Shotgun,5.9,6.345,0.445
The Siege,6.297,6.512,0.215
Spaceballs,6.863,7.025,0.162
Waiting for Bojangles,7.4,6.628,-0.772
What's Your Number?,6.462,6.603,0.141
The Killer Inside Me,5.828,6.314,0.486
Top Secret!,7.087,6.692,-0.395
Despicable Me 2,6.94,7.116,0.176
The Translators,6.4,6.619,0.219
Soul Plane,5.423,6.756,1.333
Tangled Ever After,7.135,6.498,-0.637
Sinners,7.5,7.238,-0.262
The Wedding Date,6.819,6.421,-0.398
The Animal Kingdom,6.966,6.571,-0.395
The Haunting in Connecticut 2: Ghosts of Georgia,5.822,6.244,0.422
A Perfect Pairing,6.837,6.193,-0.644
All That Glitters,6.348,6.677,0.329
The Conversation,7.508,6.944,-0.564
Armageddon,6.831,6.99,0.159
The Royal Tenenbaums,7.463,7.413,-0.05
Hercules,7.5,7.075,-0.425
Detroit,7.3,6.54,-0.76
7 and 8,6.762,6.389,-0.373
Scooby-Doo! in Where's My Mummy?,7.389,6.514,-0.875
I'm No Longer Here,7.897,6.407,-1.49
Back to the Future Part II,7.774,7.301,-0.473
Daylight,6.119,6.867,0.748
Where the Truth Lies,6.149,6.621,0.472
Code 46,6.176,6.407,0.231
Secret in Their Eyes,6.357,6.632,0.275
The Pledge,6.569,6.443,-0.126
Police Academy 3: Back in Training,5.804,6.846,1.042
Wish Upon,5.724,6.5,0.776
"The French Dispatch of the Liberty, Kansas Evening Sun",7.011,7.045,0.034
Smile 2,6.591,6.656,0.065
Land of Mine,7.8,6.867,-0.933
"Faster, Pussycat! Kill! Kill!",6.345,6.941,0.596
Dragon Ball: Episode of Bardock,7.043,6.99,-0.053
Just the Two of Us,7.0,6.023,-0.977
Shadow of the Vampire,6.647,6.404,-0.243
Dracula,7.158,7.254,0.096
Fish Tank,6.934,7.318,0.384
Papillon,7.823,7.28,-0.543
Midnight Run,7.194,6.707,-0.487
Anatomy of a Murder,7.8,7.12,-0.68
The Dark Tower,5.788,6.852,1.064
Twilight Zone: The Movie,6.475,7.058,0.583
Roma,7.624,6.805,-0.819
Doodlebug,6.515,6.481,-0.034
Hannibal Rising,6.254,6.882,0.628
SAS: Red Notice,5.782,6.445,0.663
Bravetown,6.7,6.419,-0.281
"sex, lies, and videotape",6.943,6.829,-0.114
Mimic,6.068,6.711,0.643
Valhalla Rising,6.11,6.686,0.576
100 Things,6.57,6.834,0.264
Couples Retreat,5.55,6.603,1.053
Blitz,6.181,6.332,0.151
The Phoenician Scheme,6.547,6.294,-0.253
Animal House,6.977,6.721,-0.256
Only Yesterday,7.38,7.32,-0.06
I Origins,7.571,6.604,-0.967
Hitch,6.575,7.012,0.437
Time Freak,6.698,6.679,-0.019
The Killer,7.6,6.475,-1.125
Anatomy of a Fall,7.536,6.734,-0.802
Bright Star,6.6,7.003,0.403
Beanpole,7.01,6.958,-0.052
Hairspray,6.663,6.872,0.209
Red Desert,7.341,6.837,-0.504
The Cobbler,5.9,6.783,0.883
Twisted,5.576,6.296,0.72
The Banker,7.637,6.729,-0.908
Wyatt Earp,6.8,7.053,0.253
Throne of Blood,7.916,7.299,-0.617
An Officer and a Gentleman,7.005,7.129,0.124
My Name Is Bruce,5.805,6.07,0.265
Teenage Mutant Ninja Turtles: Out of the Shadows,6.05,6.468,0.418
The Strays,5.451,6.306,0.855
Dragon Ball Z: Wrath of the Dragon,7.296,6.694,-0.602
Fatherhood,7.504,6.785,-0.719
The Current War,6.7,6.484,-0.216
"Synecdoche, New York",7.542,7.014,-0.528
The Eyes of Tammy Faye,6.463,6.202,-0.261
Zombieland,7.259,7.033,-0.226
The Sisters Brothers,6.838,6.851,0.013
The Wind That Shakes the Barley,7.332,6.472,-0.86
Child's Play 2,6.35,6.73,0.38
Dou kyu sei – Classmates,8.3,6.569,-1.731
The Pelican Brief,6.597,7.113,0.516
Venom: The Last Dance,6.7,7.403,0.703
The Tuche Family: The American Dream,5.565,6.174,0.609
Coma,6.763,6.858,0.095
The Wolfman,5.881,6.683,0.802
Gold,6.194,6.484,0.29
The Lego Ninjago Movie,6.518,6.734,0.216
Chained,6.9,6.728,-0.172
Return,6.631,6.362,-0.269
Hell or High Water,7.3,6.604,-0.696
Help!,6.842,6.74,-0.102
The King and the Mockingbird,7.8,6.684,-1.116
Blue Steel,5.799,6.525,0.726
The F**k-It List,6.066,6.275,0.209
Cockneys vs Zombies,5.681,6.587,0.906
Teen Titans Go! To the Movies,7.173,6.772,-0.401
Moby Dick,7.041,6.835,-0.206
Two Weeks Notice,6.355,7.019,0.664
Pirates of the Caribbean: On Stranger Tides,6.565,7.457,0.892
Unhinged,6.435,6.528,0.093
Color of Night,5.738,6.38,0.642
MacGruber,5.4,6.368,0.968
Brazil,7.67,7.308,-0.362
Mercury Rising,6.287,6.809,0.522
Hell Fest,5.686,6.08,0.394
Talcum Powder,6.795,6.717,-0.078
Blue Valentine,6.958,6.868,-0.09
Three... Extremes,6.789,6.65,-0.139
The Sons of Katie Elder,7.042,6.872,-0.17
Evangelion: 3.0 You Can (Not) Redo,7.186,6.782,-0.404
The Marine,5.971,6.302,0.331
Little Joe,5.728,6.588,0.86
Frankie and Johnny,6.766,6.788,0.022
TransSiberian,6.409,6.537,0.128
Poker Face,5.579,5.956,0.377
Ruby Red,6.943,6.514,-0.429
Parallel Mothers,6.806,6.488,-0.318
Me and Earl and the Dying Girl,7.532,6.714,-0.818
Play Dirty,6.595,6.236,-0.359
Intruders,5.868,6.089,0.221
The A-Team,6.408,7.095,0.687
Finding Dory,7.04,7.045,0.005
A Monster Calls,7.287,7.213,-0.074
Clean,6.2,6.35,0.15
West Side Story,7.2,7.366,0.166
King of California,6.426,6.184,-0.242
The Lodger: A Story of the London Fog,7.123,6.833,-0.29
The Hudsucker Proxy,7.07,6.546,-0.524
Interstella 5555: The 5tory of the 5ecret 5tar 5ystem,7.795,6.402,-1.393
Elle,6.651,6.546,-0.105
Thunderball,6.672,6.779,0.107
Hush,5.688,6.681,0.993
Manhattan,7.716,7.193,-0.523
Double Lover,6.069,6.406,0.337
The Tribe,6.661,6.741,0.08
Om Shanti Om,7.1,6.642,-0.458
Poetry,7.6,6.95,-0.65
As Good as It Gets,7.4,7.619,0.219
Funny Face,7.0,6.909,-0.091
The Boy Who Harnessed the Wind,7.881,7.172,-0.709
Stargate: The Ark of Truth,7.128,6.261,-0.867
Perfect Stranger,5.829,6.41,0.581
Alice and the Mayor,6.222,6.196,-0.026
House of 1000 Corpses,6.19,6.371,0.181
The Woodsman,6.86,6.902,0.042
Small Things Like These,6.659,6.808,0.149
First Man,7.041,6.919,-0.122
Millions,6.4,6.303,-0.097
Black Dynamite,7.096,6.556,-0.54
Mother's Day,5.987,6.588,0.601
Entergalactic,7.685,6.606,-1.079
Brokedown Palace,6.4,6.514,0.114
Love,6.45,6.986,0.536
Friday the 13th,5.771,6.448,0.677
Ace Ventura: Pet Detective,6.571,6.574,0.003
Maleficent,7.087,7.169,0.082
The Enforcer,7.058,6.599,-0.459
The New Guy,5.924,6.423,0.499
The Angry Birds Movie,6.2,7.013,0.813
Wild,7.008,6.959,-0.049
Fight Club,8.4,7.664,-0.736
Wingwomen,6.091,6.476,0.385
The Best Years,6.798,6.436,-0.362
We Die Young,6.8,6.877,0.077
Pink Flamingos,6.2,6.712,0.512
Cape Fear,7.252,7.168,-0.084
How to Steal a Million,7.5,6.771,-0.729
Dolphin Tale 2,7.0,6.551,-0.449
Fail Safe,7.8,6.805,-0.995
Annabelle,5.789,6.623,0.834
The Best of Youth,8.1,7.274,-0.826
Ghostbusters II,6.594,7.271,0.677
He's All That,6.473,6.291,-0.182
The Taste of Others,6.823,6.92,0.097
The Blind Side,7.7,7.293,-0.407
Mighty Aphrodite,6.712,6.885,0.173
The Kissing Booth,7.17,7.219,0.049
Death Becomes Her,6.778,6.875,0.097
Evil Under the Sun,6.9,6.703,-0.197
Leto,7.402,6.404,-0.998
Taxidermia,6.636,6.815,0.179
Beyond the Lights,6.778,6.65,-0.128
Stitches,6.3,6.139,-0.161
Children of Men,7.6,7.204,-0.396
The Immature: The Trip,6.0,6.477,0.477
Marriage Story,7.731,7.073,-0.658
Coriolanus,5.844,6.779,0.935
The Call,6.793,6.605,-0.188
The Messenger: The Story of Joan of Arc,6.404,6.783,0.379
Before I Fall,6.967,6.58,-0.387
Paris or Perish,5.9,6.505,0.605
Nanny McPhee and the Big Bang,6.306,6.95,0.644
The Dark Crystal,7.1,6.952,-0.148
Justice League Dark,7.292,6.51,-0.782
Miracle in Cell No. 7,7.878,7.036,-0.842
Déjà Vu,6.874,6.928,0.054
Scary Movie,6.4,6.932,0.532
Jabberwocky,6.002,6.667,0.665
Terminator 2: Judgment Day,8.139,7.386,-0.753
Carrie Pilby,6.831,6.781,-0.05
Dolores Claiborne,7.3,6.753,-0.547
Drugstore Cowboy,7.08,6.957,-0.123
Double Indemnity,8.1,7.326,-0.774
The Raid 2,7.6,6.57,-1.03
Fletch,6.733,6.687,-0.046
Twilight of the Warriors: Walled In,6.991,6.546,-0.445
The Avengers,7.914,7.523,-0.391
Godzilla: Final Wars,7.1,6.715,-0.385
Body Double,6.762,6.85,0.088
I Confess,7.084,6.935,-0.149
Rules of Engagement,6.3,6.43,0.13
The Trouble with Harry,6.989,7.099,0.11
The Dead Pool,6.27,6.839,0.569
The Angels' Share,6.942,6.678,-0.264
Picture Perfect,5.853,6.572,0.719
Dogman,7.518,6.879,-0.639
Minari,7.335,6.702,-0.633
Foxcatcher,6.654,6.85,0.196
Léon: The Professional,8.299,7.399,-0.9
The Ballad of Buster Scruggs,7.133,6.996,-0.137
A Prophet,7.569,6.7,-0.869
The Vault,6.814,6.337,-0.477
A Castle for Christmas,5.991,6.234,0.243
Menace II Society,7.498,7.029,-0.469
Problem Child,6.149,6.527,0.378
Shrek Forever After,6.394,7.152,0.758
"O Brother, Where Art Thou?",7.3,7.12,-0.18
Tarzan & Jane,6.038,6.339,0.301
Who Finds a Friend Finds a Treasure,6.878,7.051,0.173
Barbie Fairytopia: Magic of the Rainbow,6.9,6.526,-0.374
Table 19,5.902,6.481,0.579
Monster-in-Law,6.214,6.514,0.3
Extreme Job,7.159,6.348,-0.811
One Battle After Another,7.4,6.901,-0.499
Mortal Kombat Legends: Battle of the Realms,7.6,6.39,-1.21
Once,7.411,7.359,-0.052
Go!,6.822,6.011,-0.811
Black Mass,6.5,7.264,0.764
Lethal Weapon 3,6.707,7.278,0.571
Mais qui a tué Pamela Rose ?,6.067,6.287,0.22
That Christmas,7.176,6.412,-0.764
Becoming Jane,7.313,6.628,-0.685
Angel Eyes,6.056,6.575,0.519
The Art of Self-Defense,6.55,6.254,-0.296
Set It Up,6.9,6.487,-0.413
Captain Phillips,7.537,7.439,-0.098
Absentia,5.84,6.391,0.551
Father There Is Only One,7.662,6.509,-1.153
The Devil Wears Prada,7.391,7.077,-0.314
World War Z,6.824,7.083,0.259
The Hitchhiker's Guide to the Galaxy,6.68,6.615,-0.065
Suddenly Heaven,5.806,6.612,0.806
Tie Me Up! Tie Me Down!,6.836,6.809,-0.027
The Benchwarmers,5.8,6.932,1.132
Bird,6.83,6.655,-0.175
My Girl,7.404,7.293,-0.111
Nosferatu,7.658,7.465,-0.193
Brother Bear,7.3,7.301,0.001
Troll 2,6.563,6.853,0.29
The Hidden,6.881,6.708,-0.173
There Will Be Blood,8.08,7.096,-0.984
Knife in the Water,7.274,6.945,-0.329
Death Race: Inferno,5.865,6.215,0.35
Bedazzled,6.076,6.902,0.826
Spread,5.5,6.441,0.941
Seventh Son,5.517,6.988,1.471
Law Abiding Citizen,7.389,7.213,-0.176
Frankenstein,7.464,7.364,-0.1
Idle Hands,6.176,6.996,0.82
How to Talk to Girls at Parties,6.002,6.407,0.405
Ben-Hur,5.763,7.046,1.283
The Mechanic,6.675,6.434,-0.241
Friends with Kids,5.963,6.159,0.196
Shelter,7.8,6.778,-1.022
G20,6.434,6.474,0.04
Tesla,5.811,6.668,0.857
Tremors 5: Bloodlines,5.5,6.263,0.763
How High,6.354,6.751,0.397
Work It,7.5,6.436,-1.064
Green Lantern: Emerald Knights,6.6,6.323,-0.277
Warriors of Future,7.027,6.439,-0.588
Match Point,7.355,6.996,-0.359
King Cobra,5.9,6.351,0.451
Onward,7.648,6.789,-0.859
Your Name.,8.478,7.359,-1.119
The Big Shave,6.922,6.941,0.019
The Girl on the Train,6.442,6.618,0.176
Mixed by Erry,7.443,6.348,-1.095
The Straight Story,7.729,7.008,-0.721
Child 44,6.284,6.468,0.184
Where Hands Touch,7.886,6.877,-1.009
Demolition,6.838,7.24,0.402
Better Man,7.63,7.087,-0.543
Hustle & Flow,7.2,6.937,-0.263
Halloweentown II: Kalabar's Revenge,6.818,6.458,-0.36
Dark Star,5.97,6.819,0.849
Crimson Rivers II: Angels of the Apocalypse,6.119,6.122,0.003
Se7en,8.4,7.44,-0.96
Last Man Standing,6.349,6.599,0.25
Willy's Wonderland,5.981,6.453,0.472
Reign of Fire,6.2,6.915,0.715
A Nightmare on Elm Street: The Dream Child,5.417,6.81,1.393
Halloweentown,6.809,6.348,-0.461
Shottas,7.633,6.799,-0.834
The Stanford Prison Experiment,6.838,6.707,-0.131
Revolutionary Road,6.979,7.022,0.043
The Amazing Spider-Man,6.725,7.014,0.289
My First Time,6.566,6.49,-0.076
The Prince of Egypt,7.3,7.238,-0.062
Brigsby Bear,7.1,6.424,-0.676
Whitney Houston: I Wanna Dance with Somebody,7.007,6.705,-0.302
Maudie,7.728,6.589,-1.139
Ivan's Childhood,7.83,7.269,-0.561
Equilibrium,7.046,7.185,0.139
Silence,7.122,6.96,-0.162
Suspiria,7.477,7.25,-0.227
American Ultra,6.092,6.387,0.295
65,5.96,6.401,0.441
Tinker Bell and the Great Fairy Rescue,6.8,7.008,0.208
Wonder Woman: Bloodlines,6.869,6.589,-0.28
Anyone But You,6.822,6.911,0.089
Populaire,6.611,6.539,-0.072
Fantasia 2000,6.971,6.663,-0.308
Imperium,6.5,6.452,-0.048
Barbie in 'A Christmas Carol',7.172,6.774,-0.398
Blonde,5.922,6.663,0.741
Begin Again,7.234,6.68,-0.554
Attack the Block,6.462,6.645,0.183
Speed,7.1,6.721,-0.379
The Craft: Legacy,6.099,6.664,0.565
Brain on Fire,7.0,6.257,-0.743
The Blue Angel,7.304,7.29,-0.014
The Knight Before Christmas,6.374,6.645,0.271
Bud Abbott and Lou Costello Meet Frankenstein,7.1,7.123,0.023
Fifty Shades Darker,6.474,6.956,0.482
Mother's Day,6.472,6.367,-0.105
Cloud 9,6.909,6.523,-0.386
Whiteout,5.597,6.469,0.872
Blessed Madness,6.042,6.317,0.275
Avalon High,6.2,6.198,-0.002
The War of the Roses,6.9,6.825,-0.075
Devil,6.097,6.664,0.567
You're Not You,7.39,7.146,-0.244
Belzebuth,7.2,6.032,-1.168
After Ever Happy,6.778,6.795,0.017
Life as a House,7.085,7.055,-0.03
Home Team,6.639,6.348,-0.291
Mona Lisa Smile,6.912,6.902,-0.01
45 Years,6.597,6.253,-0.344
Racing Stripes,5.89,6.606,0.716
Trespass,5.517,6.821,1.304
Hard Candy,6.815,6.594,-0.221
Penguin Bloom,6.899,6.225,-0.674
Europa Report,6.288,6.507,0.219
Before the Fall,7.021,6.924,-0.097
Casanova,6.45,6.985,0.535
Happy-Go-Lucky,6.592,6.63,0.038
True Story,6.3,6.771,0.471
Doctor Dolittle,5.717,6.57,0.853
Little White Lies,7.101,6.81,-0.291
Diary of a Wimpy Kid,6.259,6.741,0.482
The Interview,6.191,6.981,0.79
The Piano,7.378,7.13,-0.248
Ratchet & Clank,5.77,6.662,0.892
The Warlords,6.8,6.8,0.0
The Bonfire of the Vanities,5.6,6.987,1.387
The Assessment,6.841,5.981,-0.86
The Animatrix,7.205,7.141,-0.064
Everybody's Fine,6.838,6.9,0.062
The Santa Clause 2,6.004,6.471,0.467
Balloon,7.493,6.238,-1.255
The Interpreter,6.31,6.443,0.133
Super Troopers 2,5.872,6.535,0.663
Beautiful Creatures,6.035,6.672,0.637
The Mermaid: Lake of the Dead,6.1,6.041,-0.059
Honey,6.344,6.892,0.548
Misconduct,5.592,6.144,0.552
24 Hours to Live,5.948,6.746,0.798
Dinosaur,6.549,6.941,0.392
Terms of Endearment,7.1,6.93,-0.17
The Parent Trap,7.021,6.976,-0.045
The Karate Kid,6.566,7.489,0.923
"No manches, Frida",7.682,6.656,-1.026
Rip Tide,6.1,6.375,0.275
Sightless,6.769,6.478,-0.291
Trapped,6.2,6.703,0.503
Fire and Ice,6.7,6.728,0.028
Live by Night,6.273,6.716,0.443
Now and Then,6.885,7.067,0.182
Love & Friendship,6.069,6.462,0.393
Finestkind,6.9,6.766,-0.134
Fantastic Beasts: The Crimes of Grindelwald,6.838,7.121,0.283
She's the Man,6.816,6.87,0.054
Herbie Fully Loaded,5.819,6.7,0.881
Cult of Chucky,5.845,6.374,0.529
The Double,5.813,6.373,0.56
La Cérémonie,7.268,7.09,-0.178
The Perfect Date,6.4,6.777,0.377
Serial (Bad) Weddings 3,6.291,6.168,-0.123
Klute,6.739,6.757,0.018
Anonymously Yours,7.5,6.683,-0.817
The Case for Christ,6.9,6.61,-0.29
7 Prisoners,7.1,6.431,-0.669
It's What's Inside,6.451,5.964,-0.487
Phantom of the Paradise,7.5,7.224,-0.276
Man on the Moon,7.247,7.238,-0.009
D.E.B.S.,6.499,6.759,0.26
End of Days,6.086,6.674,0.588
The Nutty Professor,6.515,6.986,0.471
Apostle,6.133,6.408,0.275
Macbeth,6.449,6.597,0.148
Sword of the Stranger,7.551,6.432,-1.119
Poltergeist,7.153,6.695,-0.458
Bye Bye Morons,7.172,7.021,-0.151
Maximum Overdrive,5.825,6.26,0.435
Julie & Julia,6.7,6.824,0.124
The Climb,6.687,6.879,0.192
Get on Up,6.771,6.646,-0.125
The Warriors Gate,6.6,5.987,-0.613
Grandma's Boy,6.5,6.434,-0.066
From Dusk Till Dawn,7.034,6.922,-0.112
Fun and Fancy Free,6.274,7.382,1.108
The Spanish Prisoner,6.784,6.201,-0.583
Into the Wild,7.801,7.135,-0.666
The Exorcism of Emily Rose,6.602,7.065,0.463
Laggies,6.116,6.362,0.246
Osmosis Jones,6.495,6.384,-0.111
The Sleepover,6.419,5.776,-0.643
Summer Wars,7.456,6.297,-1.159
The Prince & Me,6.2,7.002,0.802
Trolls Holiday,6.695,6.494,-0.201
Alaska,6.754,6.782,0.028
She's All That,6.309,6.723,0.414
Black Adam,6.827,7.172,0.345
The Bourne Identity,7.5,7.366,-0.134
Wish Dragon,7.9,7.054,-0.846
The Oranges,5.511,6.431,0.92
The Lost Daughter,6.459,6.557,0.098
The Ox-Bow Incident,7.72,7.302,-0.418
Mississippi Burning,7.676,7.089,-0.587
Ignorance Is Bliss,5.853,6.298,0.445
The Greatest Game Ever Played,7.305,6.854,-0.451
Courageous,7.603,6.489,-1.114
The Corsican File,5.9,6.759,0.859
Jingle Jangle: A Christmas Journey,6.596,6.572,-0.024
Suicide Kings,6.6,6.684,0.084
Girl in the Basement,7.589,6.967,-0.622
Universal Soldier: The Return,5.924,6.204,0.28
Atomic Blonde,6.433,6.819,0.386
Me and You and Everyone We Know,7.0,6.245,-0.755
The Disappearance of Eleanor Rigby: Them,6.164,6.368,0.204
The Addams Family,7.066,7.31,0.244
Child's Play,5.972,6.445,0.473
Don't Torture a Duckling,7.308,6.759,-0.549
Certified Copy,6.99,6.612,-0.378
One Piece Film: Strong World,7.442,6.435,-1.007
Smile,6.669,6.814,0.145
Justice Society: World War II,7.4,6.279,-1.121
The Good Teacher,6.327,6.738,0.411
You Won't Be Alone,6.57,6.413,-0.157
The Dinosaur Project,5.792,6.111,0.319
The Red Balloon,7.734,7.286,-0.448
Wishmaster 2: Evil Never Dies,5.672,6.437,0.765
Enchanted,6.843,7.046,0.203
Death Race,6.3,6.858,0.558
Feel the Beat,7.563,6.381,-1.182
Coven,6.7,6.525,-0.175
Mistress America,6.5,6.299,-0.201
Detroit Rock City,6.747,6.497,-0.25
Kung Fu Jungle,6.8,6.581,-0.219
Blind Fury,6.543,6.855,0.312
Eternity,7.078,7.152,0.074
Mortal Engines,6.207,6.977,0.77
Berlin Syndrome,6.0,6.548,0.548
Sapphire Blue,7.105,6.517,-0.588
Jesus Christ Superstar,7.112,7.156,0.044
Casablanca,8.1,7.794,-0.306
Ben 10: Race Against Time,5.8,5.965,0.165
Loft,6.866,6.726,-0.14
Assault on Precinct 13,6.179,6.325,0.146
Two Lovers,6.863,6.857,-0.006
The Concert,7.229,6.917,-0.312
How to Train Your Dragon 2,7.7,7.302,-0.398
One Man Band,7.249,6.867,-0.382
Porky's,6.408,6.553,0.145
Without a Paddle,5.6,7.002,1.402
Powder,7.0,7.427,0.427
The Debt,6.566,6.678,0.112
The Riot Club,5.897,6.665,0.768
13 Hours: The Secret Soldiers of Benghazi,7.272,6.861,-0.411
The Faculty,6.56,6.501,-0.059
Gerald's Game,6.401,6.466,0.065
Queer,6.6,6.963,0.363
Ed Wood,7.483,7.232,-0.251
Dragon Ball Z: Bojack Unbound,7.2,6.584,-0.616
The First Time,6.991,6.631,-0.36
Mood Indigo,6.127,6.506,0.379
The Secret Scripture,7.269,6.573,-0.696
Guess Who,6.005,6.578,0.573
Temple Grandin,7.826,6.377,-1.449
Big Fish & Begonia,7.39,6.459,-0.931
Copshop,6.302,6.257,-0.045
Teen Titans: The Judas Contract,7.4,6.796,-0.604
That Awkward Moment,6.142,6.494,0.352
Invincible,7.016,6.682,-0.334
Tully,6.776,6.652,-0.124
Seven Samurai,8.4,7.805,-0.595
The Fighter,7.381,7.21,-0.171
Pickup on South Street,7.35,6.951,-0.399
The Maiden Heist,5.636,6.44,0.804
This Is Spinal Tap,7.414,7.22,-0.194
The Doorman,5.8,5.729,-0.071
First Kill,5.66,6.391,0.731
Cabin Fever,5.692,6.061,0.369
Minions,6.417,6.823,0.406
Ratatouille,7.8,7.404,-0.396
Ultraman: Rising,8.147,6.499,-1.648
Sleepwalkers,6.047,6.44,0.393
Prey,5.999,6.457,0.458
Il Divo,7.626,7.202,-0.424
The Idiots,6.467,6.523,0.056
The Villainess,6.917,6.446,-0.471
Teen Spirit,6.041,6.576,0.535
Waxwork,6.148,6.402,0.254
The Girl with the Needle,7.6,6.67,-0.93
Columbus,7.088,6.881,-0.207
Max & Leon,6.295,6.604,0.309
The Muppet Christmas Carol,7.437,7.174,-0.263
Mr. Church,7.408,6.949,-0.459
"Good Luck to You, Leo Grande",6.947,6.145,-0.802
The Cheetah Girls: One World,6.115,6.37,0.255
Medieval,6.882,6.74,-0.142
Assassination Nation,6.251,6.661,0.41
Castello Cavalcanti,7.01,6.351,-0.659
Kronk's New Groove,6.4,6.784,0.384
Full Metal Jacket,8.122,7.488,-0.634
Murder Mystery 2,6.377,6.346,-0.031
Olympus Has Fallen,6.412,6.542,0.13
Tarzan,5.662,6.299,0.637
Next Time I'll Aim for the Heart,5.95,5.961,0.011
xXx: Return of Xander Cage,6.135,6.877,0.742
Borat: Cultural Learnings of America for Make Benefit Glorious Nation of Kazakhstan,6.8,7.212,0.412
The Unbearable Lightness of Being,6.888,6.647,-0.241
Taxi,7.0,6.621,-0.379
25th Hour,7.321,6.946,-0.375
Inside Llewyn Davis,7.19,7.203,0.013
Justin and the Knights of Valour,5.908,6.827,0.919
The Oxford Murders,5.959,6.758,0.799
Harry Potter and the Deathly Hallows: Part 2,8.082,7.147,-0.935
A Few Best Men,5.72,6.508,0.788
Those Happy Days,7.342,6.658,-0.684
The Heist of the Century,7.74,6.547,-1.193
The Rip,7.086,7.058,-0.028
Youth in Revolt,6.153,6.446,0.293
Instant Family,7.504,7.074,-0.43
Star Wars: The Force Awakens,7.253,7.266,0.013
The Corpse of Anna Fritz,6.9,6.564,-0.336
Irish Wish,6.145,6.317,0.172
Barbershop: The Next Cut,6.299,6.439,0.14
Pooh's Heffalump Movie,6.823,6.454,-0.369
Rampart,5.464,6.556,1.092
Zero Dark Thirty,6.992,6.962,-0.03
Killers,6.0,6.83,0.83
Champions,7.506,6.658,-0.848
Take Me Home Tonight,5.972,6.233,0.261
Time Is Up,6.451,6.543,0.092
Stewie Griffin: The Untold Story,6.937,6.31,-0.627
The Odyssey,6.636,6.566,-0.07
Tracks,6.926,6.38,-0.546
Nerve,7.007,6.55,-0.457
Trouble at Timpetill,6.1,6.621,0.521
Bob Marley: One Love,6.615,6.447,-0.168
Scooby-Doo and the Alien Invaders,7.088,6.827,-0.261
Next Friday,6.5,6.364,-0.136
Frozen Fever,6.831,6.528,-0.303
The November Man,6.11,6.278,0.168
Reasonable Doubt,5.8,6.256,0.456
French Fried Vacation,6.578,6.983,0.405
Police Story 3: Super Cop,6.893,6.698,-0.195
Animals United,5.6,6.383,0.783
Special Forces,6.718,6.542,-0.176
